[
  {
    "titulo": "F1",
    "imagenUrl": "https://media.themoviedb.org/t/p/w300_and_h450_bestv2/yKIG63pXN89EfbTA7yKpwxAU1rf.jpg",
    "genero":"Carreras",
    "duracion": "165",
    "sinopsis": "Brad Pit es un ex-piloto de la formula 1 buscando competir con los mas grandes"
  },
  {
    "titulo": "Los 4 Fantásticos",
    "imagenUrl": "https://media.themoviedb.org/t/p/w300_and_h450_bestv2/ckfiXWGEMWrUP53cc6QyHijLlhl.jpg",
    "genero":"Ciencia Ficción",
    "duracion": "115",
    "sinopsis":"Los 4 fantásticos y su vinculo familiar defenderan a la tierra de Galactus y Silver Surfer"
  },
  {
        "titulo": "Superman",
    "imagenUrl": "https://media.themoviedb.org/t/p/w300_and_h450_bestv2/lfMKNOaaS2jGT3QKUaiFA8cO7DC.jpg",
    "genero":"Ciencia Ficción",
    "duracion": "129"
  },
  {
        "titulo": "Lilo y Stich",
    "imagenUrl": "https://media.themoviedb.org/t/p/w300_and_h450_bestv2/4oLLOAT55JhAoe73VliaSKFvEEr.jpg",
    "genero":"Animación",
    "duracion": "108"
  },
  {
        "titulo": "Jurassic World: El Renacer",
    "imagenUrl": "https://media.themoviedb.org/t/p/w300_and_h450_bestv2/Aw1FSO4gWk2Zjr2sfuyQ4lnK3Gc.jpg",
    "genero":"Ciencia Ficción",
    "duracion": "173"
  }

]
