[
  {
    "imagen": "/imagenes/Combo1.jpg",
    "titulo": "Combo 1",
    "detalles": "<html><center>Combo Popcorn Mediano + Soda pequeña + Hot dog.</body></html>",
    "precioAnterior": 9.50,
    "precioPromocion": 7.00
  },
  {
    "imagen": "/imagenes/Combo2.png",
    "titulo": "Combo 2",
    "detalles": "<html><center>Combo Nacho pequeño + Soda pequeña + papas pequeñas.</body></html>",
    "precioAnterior": 6.00,
    "precioPromocion": 4.50
  },
  {
    "imagen": "/imagenes/Combo3.png",
    "titulo": "Combo 3",
    "detalles": "<html><center>Combo Popcorn grande+ Nacho mediano + Papas pequeñas + Soda pequeña.</body></html>",
    "precioAnterior": 15.00,
    "precioPromocion": 12.50
  },
  {
    "imagen": "/imagenes/Combo4.png",
    "titulo": "Combo 4",
    "detalles": "<html><center>Combo Papas grandes+ Hot dog grande + Soda mediana.</body></html>",
    "precioAnterior": 9.00,
    "precioPromocion": 7.50
  },
  {
    "imagen": "/imagenes/Combo5.png",
    "titulo": "Combo 5",
    "detalles": "<html><center>Combo Popcorn grande + Nacho pequeño + Hot dog mediano + papas medianas + Soda grande.</body></html>",
    "precioAnterior": 6.00,
    "precioPromocion": 4.50
  },
  {
    "imagen": "/imagenes/Combo6.png",
    "titulo": "Combo 6",
    "detalles": "<html><center>Combo 2 Popcorn grandes + Nacho grande + Hot dog mediano + 2 papas medianas + 2 Sodas grandes.</body></html>",
    "precioAnterior": 30.00,
    "precioPromocion": 28.99
  }
]

