[
  {
    "imagen": "./imagenes/Skitle.png",
    "titulo": "Skittles Original",
    "precio": 2.50  
  },
  {
    "imagen": "./imagenes/Manichoo.png",
    "titulo": "Chocolate Manicho",
    "precio": 1.00  
  },
  {
    "imagen": "./imagenes/Kit Kat.png",
    "titulo": "Kit Kat",
    "precio": 1.50  
  },
  {
    "imagen": "./imagenes/Tango.png",
    "titulo": "Chocolate Tango",
    "precio": 0.75  
  },
  {
    "imagen": "./imagenes/M&M.png",
    "titulo": "M&M Milk Chocolate",
    "precio": 2.50  
  },
  {
    "imagen": "./imagenes/Galak.png",
    "titulo": "CHocolate Galak",
    "precio": 2.50  
  }
]
